"id","nombre_cientifico","categoria","grupo","clasificacion_FAO","cultivo","origen_et","origen","vulnerabilidad_et","vulnerabilidad","imp_economica_org","seg_alimentaria_org","incertidumbre","incertidumbre_et","imp_economica","pool_imp_economica","seg_alimentaria","pool_imp_sa"
1,"Coffea arabica","EVA's (MADR) List","Otros permanentes","Beverage and spice crops",NA,"Distant",20,"Threatened",75,"78.25","50",90,"Alta","78.25","No","50","No"
2,"Dovyalis hebecarpa","BGV List","Frutales","Fruits and nuts","Frutales menores","Distant",20,"NotEvaluated",0,"8","37.5",30,"Baja","8","No","37.5","No"
4,"Mauritia flexuosa","ICBF","Frutales","Fruits and nuts",NA,"Local",70,"MinorConcern",35,"30","30",90,"Alta","30","No","30","No"
5,"Allium cepa","BGV List","Hortalizas","Vegetables and melons","Cebolla","Distant",20,"MinorConcern",35,"55.27","57.5",90,"Alta","55.27","No","57.5","No"
6,"Cabralea canjerana","ICBF","Otros permanentes","Other crops",NA,"Local",70,"MinorConcern",35,"8","57.5",30,"Baja","8","No","57.5","No"
7,"Lactuca sativa","EVA's (MADR) List","Hortalizas","Vegetables and melons",NA,"Distant",20,"NotEvaluated",0,"75.24","57.5",90,"Alta","75.24","No","57.5","No"
8,"Allium fistulosum","BGV List","Hortalizas","Vegetables and melons","Cebolla larga","Distant",20,"NotEvaluated",0,"70","57.5",10,"No","70","No","57.5","No"
9,"Stenocereus griseus","ICBF","Otros permanentes","Other crops",NA,"Local",70,"MinorConcern",35,"8","57.5",30,"Baja","8","No","57.5","No"
10,"Allium sativum","BGV List","Hortalizas","Vegetables and melons","Ajo","Distant",20,"NotEvaluated",0,"50","57.5",90,"Alta","50","No","57.5","No"
11,"Fragaria vesca","EVA's (MADR) List","Frutales","Fruits and nuts",NA,"Distant",20,"MinorConcern",35,"70","57.5",60,"Media","70","No","57.5","No"
12,"Prunus avium","ICBF","Frutales","Fruits and nuts",NA,"Distant",20,"MinorConcern",35,"8","57.5",10,"No","8","No","57.5","No"
14,"Vitis vinifera","EVA's (MADR) List","Frutales","Fruits and nuts",NA,"Distant",20,"MinorConcern",35,"36.55","37.5",90,"Alta","36.55","No","37.5","No"
15,"Anacardium occidentale","BGV List","Frutales","Fruits and nuts","Marañon","Local",70,"NotEvaluated",0,"30","34.65",60,"Media","30","No","34.65","No"
16,"Attalea maripa","ICBF","Oleaginosas","Oilseed crops",NA,"Local",70,"MinorConcern",35,"8","37.5",60,"Media","8","No","37.5","No"
17,"Prunus persica","EVA's (MADR) List","Frutales","Fruits and nuts",NA,"Distant",20,"MinorConcern",35,"57.21","57.5",90,"Alta","57.21","No","57.5","No"
18,"Ananas comosus","BGV List","Frutales","Fruits and nuts","Piña","Local",70,"MinorConcern",35,"75.8","55.51",60,"Media","75.8","No","55.51","No"
19,"Bromelia pinguin","ICBF","Plantas aromaticas condimentarias y medicinales","Other crops",NA,"Close",45,"MinorConcern",35,"8","57.5",10,"No","8","No","57.5","No"
20,"Cucumis sativus","EVA's (MADR) List","Hortalizas","Vegetables and melons",NA,"Distant",20,"NotEvaluated",0,"50.53","8",90,"Alta","50.53","No","8","No"
21,"Annona cherimola","BGV List","Frutales","Fruits and nuts","Anonas","Local",70,"MinorConcern",35,"30.8","37.5",60,"Media","30.8","No","37.5","No"
22,"Coriandrum sativum","EVA's (MADR) List","Hortalizas","Vegetables and melons",NA,"Distant",20,"MinorConcern",35,"50","37.5",90,"Alta","50","No","37.5","No"
23,"Maranta arundinacea","ICBF","Tuberculos","Root/tuber crops with high starch or inulin conten",NA,"Local",70,"MinorConcern",35,"8","57.5",60,"Media","8","No","57.5","No"
24,"Annona glabra","BGV List","Frutales","Fruits and nuts","Anonas","Distant",20,"MinorConcern",35,"8","8",90,"Alta","50","GP","57.5","GP"
25,"Hevea brasiliensis","EVA's (MADR) List","Otros permanentes","Other crops",NA,"Local",70,"MinorConcern",35,"30","8",90,"Alta","30","No","8","No"
26,"Xanthosoma sagittifolium","EVA's (MADR) List","Tuberculos","Root/tuber crops with high starch or inulin conten",NA,"Local",70,"NotEvaluated",0,"33.28","8",90,"Alta","33.28","No","8","No"
28,"Colocasia esculenta","ICBF","Tuberculos","Root/tuber crops with high starch or inulin conten",NA,"Distant",20,"MinorConcern",35,"34.33","30",90,"Alta","34.33","No","30","No"
29,"Pyrus communis","EVA's (MADR) List","Frutales","Fruits and nuts",NA,"Distant",20,"MinorConcern",35,"32.58","50",60,"Media","32.58","No","50","No"
30,"Annona muricata","BGV List","Frutales","Fruits and nuts","Anonas","Local",70,"MinorConcern",35,"50","57.5",10,"No","50","No","57.5","No"
31,"Manihot esculenta","ICBF","Tuberculos","Root/tuber crops with high starch or inulin conten",NA,"Local",70,"NotEvaluated",0,"70","54.73",10,"No","70","No","54.73","No"
32,"Prunus domestica","EVA's (MADR) List","Frutales","Fruits and nuts",NA,"Distant",20,"NotEvaluated",0,"55.07","57",10,"No","55.07","No","57","No"
33,"Annona purpurea","BGV List","Frutales","Fruits and nuts","Anonas","Close",45,"MinorConcern",35,"8","57.5",60,"Media","50","GP","57.5","No"
34,"Brassica oleracea","EVA's (MADR) List","Hortalizas","Vegetables and melons",NA,"Distant",20,"NotEvaluated",0,"70","8",90,"Alta","70","No","8","No"
35,"Mespilus germanica","ICBF","Frutales","Fruits and nuts",NA,"Distant",20,"MinorConcern",35,"8","8",90,"Alta","8","No","8","No"
37,"Beta vulgaris","EVA's (MADR) List","Hortalizas","Vegetables and melons",NA,"Distant",20,"MinorConcern",35,"73.64","57.5",90,"Alta","73.64","No","57.5","No"
38,"Urtica dioica","ICBF","Plantas aromaticas condimentarias y medicinales","Beverage and spice crops",NA,"Local",70,"MinorConcern",35,"8","57.5",10,"No","8","No","57.5","No"
39,"Annona squamosa","BGV List","Frutales","Fruits and nuts","Anonas","Local",70,"NotEvaluated",0,"30","37.5",90,"Alta","30","No","37.5","No"
40,"Oenocarpus bataua","ICBF","Oleaginosas","Oilseed crops",NA,"Local",70,"MinorConcern",35,"8","57.5",60,"Media","8","No","57.5","No"
41,"Hylocereus undatus","EVA's (MADR) List","Frutales","Fruits and nuts",NA,"Close",45,"NotEvaluated",0,"30.8","8",90,"Alta","30.8","No","8","No"
42,"Opuntia ficus-indica","ICBF","Frutales","Fruits and nuts",NA,"Close",45,"NotEvaluated",0,"73.54","57.5",90,"Alta","73.54","No","57.5","No"
43,"Aloe vera","EVA's (MADR) List","Plantas aromaticas condimentarias y medicinales","Beverage and spice crops",NA,"Distant",20,"MinorConcern",35,"50","57.5",60,"Media","50","No","57.5","No"
44,"Arachis hypogaea","BGV List","Leguminosas","Leguminous crops","Maní","Local",70,"NotEvaluated",0,"33.74","8",90,"Alta","33.74","No","8","No"
45,"Prunus dulcis","ICBF","Oleaginosas","Oilseed crops",NA,"Distant",20,"Threatened ",75,"8","37.5",60,"Media","8","No","37.5","No"
46,"Apium graveolens","EVA's (MADR) List","Hortalizas","Vegetables and melons",NA,"Distant",20,"MinorConcern",35,"50","8",90,"Alta","50","No","8","No"
47,"Arracacia xanthorrhiza","BGV List","Tuberculos","Root/tuber crops with high starch or inulin conten","Arracacha","Local",70,"NotEvaluated",0,"55.96","50",90,"Alta","55.96","No","50","No"
48,"Artocarpus altilis","BGV List","Frutales","Fruits and nuts","Frutales menores","Distant",20,"NotEvaluated",0,"30","57.5",10,"No","30","No","57.5","No"
49,"Malus domestica","EVA's (MADR) List","Frutales","Fruits and nuts",NA,"Distant",20,"MinorConcern",35,"36.39","50",90,"Alta","36.39","No","50","No"
50,"Artocarpus heterophyllus","BGV List","Frutales","Fruits and nuts","Frutales menores","Distant",20,"NotEvaluated",0,"8","57.5",30,"Baja","8","No","57.5","No"
51,"Spinacia oleracea","EVA's (MADR) List","Hortalizas","Vegetables and melons",NA,"Distant",20,"NotEvaluated",0,"70","77.5",60,"Media","70","No","77.5","No"
52,"Avena sativa","BGV List","Cereales","Cereals","Avena","Distant",20,"MinorConcern",35,"36.18","35.96",60,"Media","36.18","No","35.96","No"
53,"Ullucus tuberosus","EVA's (MADR) List","Tuberculos","Root/tuber crops with high starch or inulin conten",NA,"Local",70,"NotEvaluated",0,"30","50",10,"No","30","No","50","No"
54,"Averrhoa carambola","BGV List","Frutales","Fruits and nuts","Frutales menores","Distant",20,"NotEvaluated",0,"8","37.5",90,"Alta","8","No","37.5","No"
55,"Helianthus annuus","EVA's (MADR) List","Oleaginosas","Oilseed crops",NA,"Distant",20,"MinorConcern",35,"33.5","37.5",60,"Media","33.5","No","37.5","No"
56,"Bactris gasipaes","BGV List","Frutales","Fruits and nuts","Chontaduro","Local",70,"Threatened ",75,"50","50",90,"Alta","50","No","50","No"
57,"Passiflora quadrangularis","EVA's (MADR) List","Frutales","Fruits and nuts",NA,"Local",70,"MinorConcern",35,"53.28","57.5",60,"Media","53.28","No","57.5","No"
59,"Medicago sativa","EVA's (MADR) List","Leguminosas","Leguminous crops",NA,"Distant",20,"MinorConcern",35,"30","8",90,"Alta","30","No","8","No"
60,"Bixa orellana","BGV List","Plantas aromaticas condimentarias y medicinales","Beverage and spice crops","Frutales amazónicos","Local",70,"NotEvaluated",0,"50","57.5",90,"Alta","50","No","57.5","No"
61,"Blighia sapida","BGV List","Frutales","Fruits and nuts","Frutales menores","Distant",20,"MinorConcern",35,"8","37.5",60,"Media","8","No","37.5","No"
62,"Petroselinum crispum","EVA's (MADR) List","Plantas aromaticas condimentarias y medicinales","Beverage and spice crops",NA,"Distant",20,"MinorConcern",35,"55.93","57.5",90,"Alta","55.93","No","57.5","No"
63,"Alibertia patinoi","BGV List","Frutales","Fruits and nuts","Frutales menores","Local",70,"NotEvaluated",0,"30","57.5",60,"Media","30","No","57.5","No"
64,"Eryngium foetidum","EVA's (MADR) List","Plantas aromaticas condimentarias y medicinales","Beverage and spice crops",NA,"Local",70,"MinorConcern",35,"30","8",90,"Alta","30","No","8","No"
65,"Cajanus cajan","BGV List","Leguminosas","Leguminous crops","Guandul","Distant",20,"NotEvaluated",0,"40.35","53.92",90,"Alta","40.35","No","53.92","No"
66,"Piper nigrum","EVA's (MADR) List","Plantas aromaticas condimentarias y medicinales","Beverage and spice crops",NA,"Distant",20,"MinorConcern",35,"8","57.5",30,"Baja","8","No","57.5","No"
67,"Campomanesia lineatifolia","BGV List","Frutales","Fruits and nuts","Frutales menores","Local",70,"MinorConcern",35,"30","37.5",90,"Alta","30","No","37.5","No"
68,"Curcuma longa","EVA's (MADR) List","Plantas aromaticas condimentarias y medicinales","Beverage and spice crops",NA,"Distant",20,"NotEvaluated",0,"76.93","57.5",60,"Media","76.93","No","57.5","No"
69,"Canna indica","BGV List","Tuberculos","Root/tuber crops with high starch or inulin conten","Achira","Local",70,"MinorConcern",35,"30","30",90,"Alta","30","No","30","No"
70,"Thymus vulgaris","EVA's (MADR) List","Plantas aromaticas condimentarias y medicinales","Beverage and spice crops",NA,"Distant",20,"MinorConcern",35,"30","8",90,"Alta","30","No","8","No"
71,"Capsicum annuum","BGV List","Hortalizas","Vegetables and melons","Ají","Close",45,"MinorConcern",35,"52.83","30",90,"Alta","52.83","No","30","No"
72,"Raphanus sativus","EVA's (MADR) List","Hortalizas","Vegetables and melons",NA,"Distant",20,"MinorConcern",35,"70","57.5",30,"Baja","70","No","57.5","No"
73,"Asparagus officinalis","EVA's (MADR) List","Hortalizas","Vegetables and melons",NA,"Distant",20,"MinorConcern",35,"30","37.5",90,"Alta","30","No","37.5","No"
74,"Capsicum frutescens","BGV List","Hortalizas","Vegetables and melons","Ají","Close",45,"MinorConcern",35,"30","30",90,"Alta","30","No","30","No"
75,"Carica papaya","BGV List","Frutales","Fruits and nuts","Papaya","Local",70,"MinorConcern",35,"70","50",90,"Alta","70","No","50","No"
76,"Ocimum basilicum","EVA's (MADR) List","Plantas aromaticas condimentarias y medicinales","Beverage and spice crops",NA,"Distant",20,"MinorConcern",35,"30","57.5",10,"No","30","No","57.5","No"
77,"Caryodendron orinocense","BGV List","Otros permanentes","Other crops","Forestal","Local",70,"NotEvaluated",0,"8","8",90,"Alta","8","No","8","No"
78,"Cymbopogon citratus","EVA's (MADR) List","Plantas aromaticas condimentarias y medicinales","Beverage and spice crops",NA,"Distant",20,"NotEvaluated",0,"30.48","8",90,"Alta","30.48","No","8","No"
79,"Casimiroa edulis","BGV List","Frutales","Fruits and nuts","Frutales menores","Local",70,"MinorConcern",35,"8","8",90,"Alta","8","No","8","No"
80,"Sechium edule","EVA's (MADR) List","Hortalizas","Vegetables and melons",NA,"Close",45,"NotEvaluated",0,"30","37.5",90,"Alta","30","No","37.5","No"
81,"Camellia sinensis","EVA's (MADR) List","Plantas aromaticas condimentarias y medicinales","Beverage and spice crops",NA,"Distant",20,"NotEvaluated",0,"38.81","57.5",60,"Media","38.81","No","57.5","No"
82,"Casimiroa tetrameria","BGV List","Plantas aromaticas condimentarias y medicinales","Beverage and spice crops","Frutales menores","Close",45,"MinorConcern",35,"8","8",90,"Alta","8","No","8","No"
84,"Elettaria cardamomum","EVA's (MADR) List","Plantas aromaticas condimentarias y medicinales","Beverage and spice crops",NA,"Distant",20,"Threatened ",75,"31.06","8",90,"Alta","31.06","No","8","No"
85,"Chenopodium quinoa","BGV List","Cereales","Cereals","Quinua","Local",70,"MinorConcern",35,"50.8","57.5",90,"Alta","50.8","No","57.5","No"
86,"Vaccinium corymbosum","EVA's (MADR) List","Frutales","Fruits and nuts",NA,"Distant",20,"MinorConcern",35,"54.42","57.5",60,"Media","54.42","No","57.5","No"
87,"Agaricus bisporus","EVA's (MADR) List","Hongos","Vegetables and melons",NA,"Distant",20,"NotEvaluated",0,"33.74","57.5",90,"Alta","33.74","No","57.5","No"
88,"Chrysophyllum cainito","BGV List","Frutales","Fruits and nuts","Frutales menores","Close",45,"Threatened",75,"30","57.5",10,"No","30","No","57.5","No"
90,"Zingiber officinale","EVA's (MADR) List","Plantas aromaticas condimentarias y medicinales","Beverage and spice crops",NA,"Distant",20,"NotEvaluated",0,"65","8",90,"Alta","65","No","8","No"
91,"Cicer arietinum","EVA's (MADR) List","Leguminosas","Leguminous crops",NA,"Distant",20,"NotEvaluated",0,"39.71","55.51",90,"Alta","39.71","No","55.51","No"
92,"Citrus amblycarpa","BGV List","Frutales","Fruits and nuts","Cítricos","Distant",20,"NotEvaluated",0,"36.38","37.5",30,"Baja","36.38","No","37.5","No"
94,"Citrus aurantiifolia","BGV List","Frutales","Fruits and nuts","Cítricos","Distant",20,"MinorConcern",35,"58.81","57.5",60,"Media","58.81","No","57.5","No"
95,"Citrus aurantium","BGV List","Frutales","Fruits and nuts","Cítricos","Distant",20,"MinorConcern",35,"36.38","8",90,"Alta","36.38","No","33.92","PCG"
96,"Phoenix dactilyfera","EVA's (MADR) List","Frutales","Sugar crops",NA,"Distant",20,"NotEvaluated",0,"30","33.92",90,"Alta","30","No","33.92","No"
97,"Citrus clementina","BGV List","Frutales","Fruits and nuts","Cítricos","Distant",20,"NotEvaluated",0,"36.38","8",90,"Alta","36.38","No","33.92","PCG"
98,"Matricaria recutita","EVA's (MADR) List","Plantas aromaticas condimentarias y medicinales","Beverage and spice crops",NA,"Distant",20,"MinorConcern",35,"30.22","8",90,"Alta","30.22","No","8","No"
100,"Amaranthus caudatus","EVA's (MADR) List","Plantas aromaticas condimentarias y medicinales","Beverage and spice crops",NA,"Local",70,"NotEvaluated",0,"30","37.5",90,"Alta","30","No","37.5","No"
101,"Citrus excelsa","BGV List","Frutales","Fruits and nuts","Cítricos","Distant",20,"NotEvaluated",0,"36.38","57.5",90,"Alta","36.38","No","57.5","No"
102,"Citrus grandis","BGV List","Frutales","Fruits and nuts","Cítricos","Distant",20,"NotEvaluated",0,"36.38","8",90,"Alta","36.38","No","33.92","PCG"
103,"Salvia hispanica","EVA's (MADR) List","Plantas aromaticas condimentarias y medicinales","Beverage and spice crops",NA,"Close",45,"MinorConcern",35,"32.72","8",90,"Alta","32.72","No","8","No"
104,"Citrus jambhiri","BGV List","Frutales","Fruits and nuts","Cítricos","Distant",20,"NotEvaluated",0,"36.38","8",90,"Alta","36.38","No","33.92","PCG"
105,"Erythrina edulis","EVA's (MADR) List","Leguminosas","Leguminous crops",NA,"Local",70,"MinorConcern",35,"50","8",90,"Alta","50","No","8","No"
106,"Citrus latifolia","BGV List","Frutales","Fruits and nuts","Cítricos","Distant",20,"NotEvaluated",0,"30","37.5",90,"Alta","30","No","37.5","No"
107,"Mentha pulegium","EVA's (MADR) List","Plantas aromaticas condimentarias y medicinales","Beverage and spice crops",NA,"Distant",20,"MinorConcern",35,"30","37.5",30,"Baja","30","No","37.5","No"
109,"Nephelium lappaceum","EVA's (MADR) List","Frutales","Fruits and nuts",NA,"Distant",20,"MinorConcern",35,"52.39","8",90,"Alta","52.39","No","8","No"
110,"Citrus limon","BGV List","Frutales","Fruits and nuts","Cítricos","Distant",20,"NotEvaluated",0,"36.38","33.92",90,"Alta","36.38","No","33.92","No"
111,"Stevia rebaudiana","EVA's (MADR) List","Plantas aromaticas condimentarias y medicinales","Beverage and spice crops",NA,"Local",70,"NotEvaluated",0,"30","8",90,"Alta","30","No","8","No"
112,"Citrus lycopersicae","BGV List","Frutales","Fruits and nuts","Cítricos","Distant",20,"NotEvaluated",0,"36.38","8",90,"Alta","36.38","No","33.92","PCG"
113,"Pourouma cecropiifolia","EVA's (MADR) List","Frutales","Fruits and nuts",NA,"Local",70,"NotEvaluated",0,"30","8",90,"Alta","30","No","8","No"
114,"Pleurotus ostreatus","EVA's (MADR) List","Hongos","Vegetables and melons",NA,"Distant",20,"NotEvaluated",0,"30","8",60,"Media","30","No","8","No"
115,"Hibiscus sabdariffa","EVA's (MADR) List","Plantas aromaticas condimentarias y medicinales","Beverage and spice crops",NA,"Distant",20,"NotEvaluated",0,"30","8",90,"Alta","30","No","8","No"
116,"Citrus medica","BGV List","Frutales","Fruits and nuts","Cítricos","Distant",20,"MinorConcern",35,"36.38","8",90,"Alta","36.38","No","33.92","PCG"
118,"Citrus natsudaidai","BGV List","Frutales","Fruits and nuts","Cítricos","Distant",20,"NotEvaluated",0,"36.38","8",90,"Alta","36.38","No","33.92","PCG"
119,"Citrus paradisi","BGV List","Frutales","Fruits and nuts","Cítricos","Distant",20,"NotEvaluated",0,"30","8",90,"Alta","30","No","33.92","PCG"
120,"Citrus reticulata","BGV List","Frutales","Fruits and nuts","Cítricos","Distant",20,"MinorConcern",35,"55.82","57.5",90,"Alta","55.82","No","57.5","No"
121,"Citrus sinensis","BGV List","Frutales","Fruits and nuts","Cítricos","Distant",20,"NotEvaluated",0,"52.74","57.5",10,"No","52.74","No","57.5","No"
125,"Citrus volkameriana","BGV List","Frutales","Fruits and nuts","Cítricos","Distant",20,"NotEvaluated",0,"36.38","8",90,"Alta","36.38","No","33.92","PCG"
126,"Citrus webberii","BGV List","Frutales","Fruits and nuts","Cítricos","Distant",20,"NotEvaluated",0,"36.38","8",90,"Alta","36.38","No","33.92","PCG"
127,"Clausena lansium","BGV List","Frutales","Fruits and nuts","Cítricos","Distant",20,"MinorConcern",35,"8","8",90,"Alta","36.38","PCG","33.92","PCG"
128,"Coccoloba uvifera","BGV List","Otros permanentes","Other crops","Frutales menores","Close",45,"NotEvaluated",0,"8","8",90,"Alta","8","No","8","No"
129,"Cocos nucifera","BGV List","Frutales","Fruits and nuts","Coco","Distant",20,"MinorConcern",35,"54.35","56.32",30,"Baja","54.35","No","56.32","No"
130,"Cucurbita ficifolia","BGV List","Hortalizas","Vegetables and melons","Cucurbitaceas","Close",45,"NotEvaluated",0,"8","30",90,"Alta","52.36","GP","30","No"
131,"Cucurbita maxima","BGV List","Hortalizas","Vegetables and melons","Cucurbitaceas","Close",45,"NotEvaluated",0,"50.53","73.92",60,"Media","50.53","No","73.92","No"
132,"Cucurbita moschata","BGV List","Hortalizas","Vegetables and melons","Cucurbitaceas","Close",45,"NotEvaluated",0,"52.36","57.5",10,"No","52.36","No","57.5","No"
133,"Cucurbita pepo","BGV List","Hortalizas","Vegetables and melons","Cucurbitaceas","Close",45,"NotEvaluated",0,"50","8",90,"Alta","50","No","57.5","GP"
134,"Cyclanthera pedata","BGV List","Hortalizas","Vegetables and melons","Cucurbitaceas","Local",70,"NotEvaluated",0,"30","8",90,"Alta","30","No","57.5","GP"
136,"Dillenia indica","BGV List","Frutales","Fruits and nuts","Frutales menores","Distant",20,"Threatened",75,"8","8",90,"Alta","8","No","8","No"
137,"Dioscorea esculenta","BGV List","Tuberculos","Root/tuber crops with high starch or inulin conten","Ñame","Distant",20,"MinorConcern",35,"57.49","55.78",30,"Baja","57.49","No","55.78","No"
138,"Dioscorea trifida","BGV List","Tuberculos","Root/tuber crops with high starch or inulin conten","Ñame","Local",70,"MinorConcern",35,"30","30",90,"Alta","30","No","30","No"
139,"Diospyros discolor","BGV List","Otros permanentes","Other crops","Frutales menores","Distant",20,"NotEvaluated",0,"8","8",90,"Alta","8","No","8","No"
142,"Elaeis guineensis","BGV List","Oleaginosas","Oilseed crops","Palma africana","Local",70,"MinorConcern",35,"70","8",90,"Alta","70","No","8","No"
143,"Elaeis oleifera","BGV List","Oleaginosas","Oilseed crops","Palma americana","Local",70,"Threatened",75,"30","8",90,"Alta","30","No","8","No"
144,"Eriobotrya japonica","BGV List","Frutales","Fruits and nuts","Frutales menores","Distant",20,"MinorConcern",35,"8","30",90,"Alta","8","No","30","No"
146,"Syzygium malaccense","BGV List","Frutales","Fruits and nuts","Frutales menores","Distant",20,"MinorConcern",35,"8","8",90,"Alta","8","No","8","No"
147,"Eugenia stipitata","BGV List","Frutales","Fruits and nuts","Frutales amazónicos","Local",70,"NotEvaluated",0,"8","8",90,"Alta","8","No","8","No"
148,"Eugenia uniflora L.","BGV List","Frutales","Fruits and nuts","Frutales menores","Local",70,"NotEvaluated",0,"8","57.5",60,"Media","8","No","57.5","No"
149,"Euterpe catinga","BGV List","Frutales","Fruits and nuts","Frutales amazónicos","Local",70,"MinorConcern",35,"30","37.5",90,"Alta","30","No","37.5","No"
150,"Euterpe oleracea","BGV List","Frutales","Fruits and nuts","Frutales amazónicos","Local",70,"MinorConcern",35,"30","57.5",60,"Media","30","No","57.5","No"
151,"Euterpe precatoria","BGV List","Oleaginosas","Oilseed crops","Frutales amazónicos","Local",70,"MinorConcern",35,"30","8",90,"Alta","30","No","8","No"
152,"Ficus carica","BGV List","Frutales","Fruits and nuts","Frutales menores","Distant",20,"MinorConcern",35,"50","33.92",90,"Alta","50","No","33.92","No"
153,"Flacourtia indica","BGV List","Otros permanentes","Other crops","Frutales menores","Distant",20,"MinorConcern",35,"8","8",90,"Alta","8","No","8","No"
157,"Garcinia dulcis","BGV List","Frutales","Fruits and nuts","Frutales menores","Distant",20,"NotEvaluated",0,"8","8",90,"Alta","8","No","8","No"
158,"Garcinia macrophylla","BGV List","Otros permanentes","Other crops","Frutales menores","Local",70,"NotEvaluated",0,"8","8",90,"Alta","8","No","8","No"
159,"Garcinia madrunno","BGV List","Frutales","Fruits and nuts","Frutales menores","Local",70,"NotEvaluated",0,"8","37.5",90,"Alta","8","No","37.5","No"
160,"Garcinia mangostana","BGV List","Frutales","Fruits and nuts","Frutales menores","Distant",20,"NotEvaluated",0,"8","57.5",60,"Media","8","No","57.5","No"
161,"Genipa americana","BGV List","Frutales","Fruits and nuts","Frutales menores","Local",70,"Threatened",75,"8","8",90,"Alta","8","No","8","No"
162,"Glycine max","BGV List","Leguminosas","Leguminous crops","Soya","Distant",20,"Threatened",75,"50","37.5",90,"Alta","50","No","37.5","No"
163,"Gossypium arboreum","BGV List","Fibras","Other crops","Algodón","Distant",20,"Threatened",75,"8","57.5",60,"Media","70","GP","57.5","No"
164,"Gossypium barbadense","BGV List","Fibras","Other crops","Algodón","Local",70,"NotEvaluated",0,"8","8",90,"Alta","70","GP","8","No"
165,"Gossypium hirsutum","BGV List","Fibras","Other crops","Algodón","Close",45,"Threatened",75,"70","8",90,"Alta","70","No","8","No"
166,"Gustavia superba","BGV List","Otros permanentes","Other crops","Frutales menores","Local",70,"MinorConcern",35,"8","8",90,"Alta","8","No","8","No"
167,"Gynerium sagittatum","BGV List","Fibras","Other crops","Caña flecha","Local",70,"MinorConcern",35,"34.63","8",90,"Alta","34.63","No","8","No"
168,"Hibiscus elatus","BGV List","Otros permanentes","Other crops","Forestal","Close",45,"MinorConcern",35,"8","8",90,"Alta","8","No","8","No"
169,"Hordeum vulgare","BGV List","Cereales","Cereals","Cebada","Distant",20,"MinorConcern",35,"39.71","36.68",90,"Alta","39.71","No","36.68","No"
170,"Hymenaea courbaril","BGV List","Frutales","Fruits and nuts","Frutales menores","Close",45,"MinorConcern",35,"30","37.5",60,"Media","30","No","37.5","No"
171,"Inga spectabilis","BGV List","Leguminosas","Leguminous crops","Frutales menores","Local",70,"MinorConcern",35,"30","57.5",60,"Media","30","No","57.5","No"
172,"Ipomoea batatas","BGV List","Tuberculos","Root/tuber crops with high starch or inulin conten","Batata","Close",45,"NotEvaluated",0,"73.5","50",90,"Alta","73.5","No","50","No"
173,"Lecythis minor","BGV List","Otros permanentes","Other crops","Frutales menores","Local",70,"MinorConcern",35,"8","57.5",30,"Baja","8","No","57.5","No"
174,"Litchi chinensis","BGV List","Frutales","Fruits and nuts","Frutales menores","Distant",20,"MinorConcern",35,"8","8",90,"Alta","8","No","8","No"
176,"Lupinus mutabilis","BGV List","Leguminosas","Leguminous crops","Lupinos","Local",70,"NotEvaluated",0,"8","8",90,"Alta","8","No","8","No"
177,"Macadamia integrifolia","BGV List","Frutales","Fruits and nuts","Frutales menores","Distant",20,"Threatened ",75,"30","8",90,"Alta","30","No","8","No"
178,"Macadamia tetraphylla","BGV List","Frutales","Fruits and nuts","Frutales menores","Distant",20,"Threatened ",75,"30","8",90,"Alta","30","No","8","No"
179,"Malpighia glabra","BGV List","Otros permanentes","Other crops","Frutales menores","Close",45,"NotEvaluated",0,"8","8",90,"Alta","8","No","8","No"
180,"Malpighia punicifolia","BGV List","Frutales","Fruits and nuts","Frutales menores","Close",45,"NotEvaluated",0,"8","8",90,"Alta","8","No","8","No"
181,"Mammea americana","BGV List","Frutales","Fruits and nuts","Frutales menores","Local",70,"MinorConcern",35,"30","37.5",90,"Alta","30","No","37.5","No"
182,"Mangifera indica","BGV List","Frutales","Fruits and nuts","Mango","Distant",20,"NotEvaluated",0,"55.5","73.92",60,"Media","55.5","No","73.92","No"
183,"Manilkara zapota","BGV List","Frutales","Fruits and nuts","Frutales menores","Close",45,"NotEvaluated",0,"50","54.12",10,"No","50","No","54.12","No"
184,"Melicoccus bijugatus","BGV List","Frutales","Fruits and nuts","Frutales menores","Local",70,"NotEvaluated",0,"30","37.5",90,"Alta","30","No","37.5","No"
185,"Morinda citrifolia","BGV List","Frutales","Fruits and nuts","Frutales menores","Distant",20,"Threatened ",75,"30","8",90,"Alta","30","No","8","No"
186,"Moringa oleifera","BGV List","Plantas aromaticas condimentarias y medicinales","Beverage and spice crops","Frutales menores","Distant",20,"MinorConcern",35,"8","8",90,"Alta","8","No","8","No"
188,"Myrciaria cauliflora","BGV List","Frutales","Fruits and nuts","Frutales menores","Local",70,"NotEvaluated",0,"8","57.5",10,"No","8","No","57.5","No"
189,"Myrciaria dubia","BGV List","Frutales","Fruits and nuts","Frutales amazónicos","Local",70,"NotEvaluated",0,"8","30",90,"Alta","8","No","30","No"
190,"Nicotiana tabacum","BGV List","Otros permanentes","Other crops","Tabaco","Close",45,"NotEvaluated",0,"30.51","8",90,"Alta","30.51","No","8","No"
191,"Oryza sativa","BGV List","Cereales","Cereals","Arroz","Distant",20,"NotEvaluated",0,"76.38","70",90,"Alta","76.38","No","70","No"
192,"Pachira aquatica","BGV List","Otros permanentes","Other crops","Forestal","Close",45,"MinorConcern",35,"8","57.5",10,"No","8","No","57.5","No"
193,"Passiflora edulis","BGV List","Frutales","Fruits and nuts","Passifloras","Local",70,"MinorConcern",35,"52.22","57.5",90,"Alta","52.22","No","57.5","No"
194,"Passiflora ligularis","BGV List","Frutales","Fruits and nuts","Passifloras","Local",70,"MinorConcern",35,"50.53","57.5",30,"Baja","50.53","No","57.5","No"
195,"Patinoa almirajo","BGV List","Frutales","Fruits and nuts","Frutales menores","Local",70,"NotEvaluated",0,"8","57.5",10,"No","8","No","57.5","No"
196,"Persea americana","BGV List","Frutales","Fruits and nuts","Aguacate","Close",45,"MinorConcern",35,"52.13","34.57",90,"Alta","52.13","No","34.57","No"
197,"Persea caerulea","BGV List","Frutales","Fruits and nuts","Aguacate","Close",45,"MinorConcern",35,"8","8",90,"Alta","8","No","8","No"
198,"Phaseolus coccineus","BGV List","Leguminosas","Leguminous crops","Frijol","Close",45,"MinorConcern",35,"70","8",90,"Alta","70","No","70","GP"
199,"Phaseolus vulgaris","BGV List","Leguminosas","Leguminous crops","Frijol","Close",45,"MinorConcern",35,"50","70",90,"Alta","50","No","70","No"
200,"Phyllanthus acidus","BGV List","Otros permanentes","Other crops","Frutales menores","Distant",20,"NotEvaluated",0,"8","57.5",10,"No","8","No","57.5","No"
201,"Physalis peruviana","BGV List","Frutales","Fruits and nuts","Uchuva","Local",70,"MinorConcern",35,"79.7","55.49",90,"Alta","79.7","No","55.49","No"
202,"Pisum sativum","BGV List","Leguminosas","Leguminous crops","Arveja","Distant",20,"MinorConcern",35,"35.78","53.06",60,"Media","35.78","No","53.06","No"
205,"Poncirus trifoliata","BGV List","Frutales","Fruits and nuts","Cítricos","Distant",20,"NotEvaluated",0,"8","8",90,"Alta","36.38","PCG","33.92","PCG"
206,"Pouteria caimito","BGV List","Frutales","Fruits and nuts","Frutales menores","Local",70,"NotEvaluated",0,"8","8",90,"Alta","8","No","8","No"
207,"Pouteria campechiana","BGV List","Frutales","Fruits and nuts","Frutales menores","Close",45,"NotEvaluated",0,"50.98","57.5",90,"Alta","50.98","No","57.5","No"
208,"Pouteria lucuma","BGV List","Frutales","Fruits and nuts","Frutales menores","Local",70,"NotEvaluated",0,"8","37.5",60,"Media","8","No","37.5","No"
210,"Psidium guajava","BGV List","Frutales","Fruits and nuts","Guayaba","Local",70,"MinorConcern",35,"54.02","72.19",60,"Media","54.02","No","72.19","No"
211,"Punica granatum","BGV List","Frutales","Fruits and nuts","Frutales menores","Distant",20,"MinorConcern",35,"8","57.5",10,"No","8","No","57.5","No"
212,"Matisia cordata","BGV List","Frutales","Fruits and nuts","Frutales menores","Local",70,"NotEvaluated",0,"8","8",90,"Alta","8","No","8","No"
213,"Ricinus communis","BGV List","Oleaginosas","Oilseed crops","Higuerilla","Distant",20,"MinorConcern",35,"30","8",90,"Alta","30","No","8","No"
215,"Rubus floribundus","BGV List","Frutales","Fruits and nuts","Mora","Local",70,"NotEvaluated",0,"8","8",90,"Alta","30","PCG","8","No"
216,"Rubus glaucus","BGV List","Frutales","Fruits and nuts","Mora","Local",70,"NotEvaluated",0,"50","54.51",90,"Alta","50","No","54.51","No"
217,"Rubus idaeus","BGV List","Frutales","Fruits and nuts","Mora","Distant",20,"MinorConcern",35,"30","57.5",30,"Baja","30","No","57.5","No"
218,"Rubus urticifolius","BGV List","Frutales","Fruits and nuts","Mora","Local",70,"MinorConcern",35,"30","8",90,"Alta","30","No","8","No"
219,"Saccharum officinarum","BGV List","Otros permanentes","Sugar crops","Caña de azucar","Distant",20,"NotEvaluated",0,"70.8","37.5",90,"Alta","70.8","No","37.5","No"
220,"Smallanthus sonchifolius","BGV List","Tuberculos","Root/tuber crops with high starch or inulin conten","Yacon","Local",70,"NotEvaluated",0,"70.13","37.5",10,"No","70.13","No","37.5","No"
221,"Solanum betaceum","BGV List","Frutales","Fruits and nuts","Tomate de árbol","Local",70,"NotEvaluated",0,"57.12","57.5",90,"Alta","57.12","No","57.5","No"
222,"Solanum lycopersicum","BGV List","Hortalizas","Vegetables and melons","Tomate de mesa","Local",70,"NotEvaluated",0,"70.53","57.5",10,"No","70.53","No","57.5","No"
223,"Solanum melongena","BGV List","Hortalizas","Vegetables and melons","Berenjena","Distant",20,"NotEvaluated",0,"55.77","50",30,"Baja","55.77","No","50","No"
225,"Solanum phureja","BGV List","Tuberculos","Root/tuber crops with high starch or inulin conten","Papa","Local",70,"NotEvaluated",0,"50","8",90,"Alta","50","No","70","GP"
226,"Solanum quitoense","BGV List","Frutales","Fruits and nuts","Lulo","Local",70,"NotEvaluated",0,"50","50",60,"Media","50","No","50","No"
227,"Solanum tuberosum","BGV List","Tuberculos","Root/tuber crops with high starch or inulin conten","Papa","Local",70,"MinorConcern",35,"70.27","70",30,"Baja","70.27","No","70","No"
228,"Sorghum vulgare","BGV List","Cereales","Cereals","Sorgo","Distant",20,"NotEvaluated",0,"31.1","57.5",10,"No","31.1","No","57.5","No"
230,"Spondias purpurea","BGV List","Frutales","Fruits and nuts","Frutales menores","Local",70,"MinorConcern",35,"8","30",90,"Alta","8","No","30","No"
231,"Spondias tuberosa","BGV List","Frutales","Fruits and nuts","Frutales menores","Local",70,"MinorConcern",35,"8","8",90,"Alta","8","No","8","No"
232,"Sterculia apetala","BGV List","Otros permanentes","Other crops","Frutales menores","Close",45,"MinorConcern",35,"8","8",90,"Alta","8","No","8","No"
233,"Synsepalum dulcificum","BGV List","Frutales","Fruits and nuts","Frutales menores","Distant",20,"NotEvaluated",0,"8","8",90,"Alta","8","No","8","No"
234,"Syzygium jambos","BGV List","Frutales","Fruits and nuts","Frutales menores","Distant",20,"MinorConcern",35,"30","37.5",90,"Alta","30","No","37.5","No"
235,"Tabernaemontana heyneana","BGV List","Frutales","Fruits and nuts","Frutales menores","Distant",20,"MinorConcern",35,"8","57.5",60,"Media","8","No","57.5","No"
236,"Tamarindus indica","BGV List","Frutales","Fruits and nuts","Frutales menores","Distant",20,"MinorConcern",35,"30","30",90,"Alta","30","No","30","No"
237,"Terminalia catappa","BGV List","Frutales","Fruits and nuts","Frutales menores","Distant",20,"MinorConcern",35,"8","37.5",60,"Media","8","No","37.5","No"
238,"Theobroma bicolor","BGV List","Frutales","Fruits and nuts","Cacao","Close",45,"NotEvaluated",0,"8","8",90,"Alta","60.28","GP","73.92","GP"
239,"Theobroma cacao","BGV List","Otros permanentes","Other crops","Cacao","Local",70,"MinorConcern",35,"60.28","73.92",90,"Alta","60.28","No","73.92","No"
240,"Theobroma grandiflorum","BGV List","Frutales","Fruits and nuts","Cacao","Local",70,"NotEvaluated",0,"30","50",10,"No","30","No","50","No"
242,"Triticum aestivum","BGV List","Cereales","Cereals","Trigo","Distant",20,"NotEvaluated",0,"40.35","76.67",60,"Media","40.35","No","76.67","No"
243,"Vaccinium meridionale","BGV List","Frutales","Fruits and nuts","Mortiño","Local",70,"NotEvaluated",0,"52.35","57.5",60,"Media","52.35","No","57.5","No"
245,"Vicia faba","BGV List","Leguminosas","Leguminous crops","Haba","Distant",20,"MinorConcern",35,"50.38","33.92",90,"Alta","50.38","No","33.92","No"
246,"Vigna radiata","BGV List","Leguminosas","Leguminous crops","Mungo","Distant",20,"MinorConcern",35,"8","37.5",60,"Media","8","No","37.5","No"
247,"Zea mays","BGV List","Cereales","Cereals","Maíz","Close",45,"MinorConcern",35,"50","53.4",90,"Alta","50","No","53.4","No"
248,"Ziziphus mauritiana","BGV List","Otros permanentes","Other crops","Frutales menores","Distant",20,"MinorConcern",35,"8","37.5",30,"Baja","8","No","37.5","No"
249,"Zizyphus jujuba","BGV List","Otros permanentes","Other crops","Frutales menores","Distant",20,"NotEvaluated",0,"8","30",90,"Alta","8","No","30","No"
250,"Musa balbisiana","BGV List","Frutales","Fruits and nuts","Musaceas","Distant",20,"Threatened",75,"8","50",90,"Alta","50","PCG","50","No"
251,"Musa acuminata","BGV List","Frutales","Fruits and nuts","Musaceas","Distant",20,"MinorConcern",35,"50","50",90,"Alta","50","No","50","No"
252,"Musa laterita","BGV List","Frutales","Fruits and nuts","Musaceas","Distant",20,"NotEvaluated",0,"8","57.5",10,"No","50","PCG","57.5","No"
253,"Musa ornata","BGV List","Frutales","Fruits and nuts","Musaceas","Distant",20,"NotEvaluated",0,"8","8",90,"Alta","50","PCG","50","PCG"
254,"Musa textilis","BGV List","Frutales","Fruits and nuts","Musaceas","Distant",20,"NotEvaluated",0,"8","8",90,"Alta","50","PCG","50","PCG"
255,"Musa basjoo","BGV List","Frutales","Fruits and nuts","Musaceas","Distant",20,"MinorConcern",35,"8","8",90,"Alta","50","PCG","50","PCG"
256,"Musa itinerans","BGV List","Frutales","Fruits and nuts","Musaceas","Distant",20,"Threatened",75,"8","8",90,"Alta","50","PCG","50","PCG"
258,"Musa velutina","BGV List","Frutales","Fruits and nuts","Musaceas","Distant",20,"NotEvaluated",0,"8","8",90,"Alta","50","PCG","50","PCG"
259,"Cucumis melo","BGV List","Frutales","Fruits and nuts","Frutales menores","Distant",20,"MinorConcern",35,"52.68","8",90,"Alta","52.68","No","8","No"
260,"Passiflora maliformis","BGV List","Frutales","Fruits and nuts","Passifloras","Close",45,"MinorConcern",35,"42.48","57.5",10,"No","42.48","No","57.5","No"
261,"Passiflora tarminiana","BGV List","Frutales","Fruits and nuts","Passifloras","Local",70,"MinorConcern",35,"30","8",90,"Alta","30","No","8","No"
262,"Solanum sessiliflorum","BGV List","Frutales","Fruits and nuts","Lulo","Local",70,"NotEvaluated",0,"30","8",90,"Alta","30","No","50","GP"
263,"Calopogonium mucunoides","BGV List",NA,"Other crops","Pastos y Forrajes","Local",70,"MinorConcern",35,"8","57.5",60,"Media","8","No","57.5","No"
264,"Canavalia ensiformis","BGV List",NA,"Leguminous crops","Pastos y Forrajes","Distant",20,"NotEvaluated",0,"8","8",90,"Alta","8","No","8","No"
265,"Capsicum abbreviatum","BGV List",NA,"Beverage and spice crops","Ají","Local",70,"NotEvaluated",0,"8","8",90,"Alta","52.83","GP","30","GP"
266,"Capsicum baccatum","BGV List",NA,"Beverage and spice crops","Ají","Local",70,"MinorConcern",35,"8","8",90,"Alta","52.83","GP","30","GP"
267,"Capsicum chinense","BGV List",NA,"Beverage and spice crops","Ají","Close",45,"NotEvaluated",0,"8","8",90,"Alta","52.83","GP","30","GP"
268,"Capsicum praetermissum","BGV List",NA,"Beverage and spice crops","Ají","Local",70,"NotEvaluated",0,"8","8",90,"Alta","52.83","GP","30","GP"
269,"Capsicum pubescens","BGV List",NA,"Beverage and spice crops","Ají","Local",70,"NotEvaluated",0,"8","8",90,"Alta","52.83","GP","30","GP"
270,"Citrus japonica","BGV List",NA,"Fruits and nuts","Cítricos","Distant",20,"Threatened",75,"8","8",90,"Alta","36.38","PCG","33.92","PCG"
271,"Crotalaria anagyroides","BGV List",NA,"Other crops","Pastos y Forrajes","Close",45,"MinorConcern",35,"8","57.5",90,"Alta","8","No","57.5","No"
272,"Crotalaria juncea","BGV List",NA,"Other crops","Pastos y Forrajes","Distant",20,"NotEvaluated",0,"8","57.5",90,"Alta","8","No","57.5","No"
273,"Crotalaria lanceolata","BGV List",NA,"Other crops","Pastos y Forrajes","Distant",20,"MinorConcern",35,"8","8",90,"Alta","8","No","8","No"
274,"Crotalaria ochroleuca","BGV List",NA,"Other crops","Pastos y Forrajes","Distant",20,"MinorConcern",35,"8","8",90,"Alta","8","No","8","No"
275,"Crotalaria retusa","BGV List",NA,"Other crops","Pastos y Forrajes","Distant",20,"MinorConcern",35,"8","8",90,"Alta","8","No","8","No"
276,"Crotalaria spectabilis","BGV List",NA,"Other crops","Pastos y Forrajes","Distant",20,"MinorConcern",35,"8","8",90,"Alta","8","No","8","No"
277,"Crotalaria striata","BGV List",NA,"Other crops","Pastos y Forrajes","Distant",20,"NotEvaluated",0,"8","8",90,"Alta","8","No","8","No"
278,"Dioscorea alata","BGV List",NA,"Root/tuber crops with high starch or inulin conten","Ñame","Distant",20,"MinorConcern",35,"8","8",90,"Alta","57.49","GP","55.78","GP"
279,"Dioscorea bulbifera","BGV List",NA,"Root/tuber crops with high starch or inulin conten","Ñame","Distant",20,"MinorConcern",35,"8","8",90,"Alta","57.49","GP","55.78","GP"
280,"Dioscorea rotundata","BGV List",NA,"Root/tuber crops with high starch or inulin conten","Ñame","Distant",20,"NotEvaluated",0,"8","8",90,"Alta","57.49","GP","55.78","GP"
281,"Leucaena leucocephala","BGV List",NA,"Other crops","Pastos y Forrajes","Close",45,"MinorConcern",35,"8","8",90,"Alta","8","No","8","No"
282,"Lupinus angustifolius","BGV List",NA,"Other crops","Lupinos","Distant",20,"MinorConcern",35,"8","8",90,"Alta","8","No","8","No"
283,"Lupinus luteus","BGV List",NA,"Other crops","Lupinos","Distant",20,"MinorConcern",35,"8","8",90,"Alta","8","No","8","No"
284,"Mucuna deeringiana","BGV List",NA,"Leguminous crops","Pastos y Forrajes","Distant",20,"NotEvaluated",0,"8","8",90,"Alta","8","No","8","No"
285,"Musa coccinea","BGV List",NA,"Other crops","Musaceas","Distant",20,"NotEvaluated",0,"8","8",90,"Alta","50","PCG","50","PCG"
286,"Nicandra physalodes","BGV List",NA,"Other crops","Uchuva","Local",70,"NotEvaluated",0,"8","8",90,"Alta","79.7","GP","55.49","GP"
287,"Panicum miliaceum","BGV List",NA,"Cereals","Millo","Distant",20,"MinorConcern",35,"8","8",90,"Alta","8","No","8","No"
288,"Passiflora adenopoda","BGV List",NA,"Fruits and nuts","Passifloras","Local",70,"MinorConcern",35,"8","8",90,"Alta","8","No","8","No"
289,"Passiflora alata","BGV List",NA,"Fruits and nuts","Passifloras","Local",70,"MinorConcern",35,"8","8",90,"Alta","8","No","8","No"
290,"Passiflora alnifolia","BGV List",NA,"Fruits and nuts","Passifloras","Local",70,"MinorConcern",35,"8","8",90,"Alta","8","No","8","No"
291,"Passiflora antioquiensis","BGV List",NA,"Fruits and nuts","Passifloras","Local",70,"MinorConcern",35,"8","8",90,"Alta","8","No","8","No"
292,"Passiflora apoda","BGV List",NA,"Fruits and nuts","Passifloras","Local",70,"MinorConcern",35,"8","8",90,"Alta","8","No","8","No"
293,"Passiflora cumbalensis","BGV List",NA,"Fruits and nuts","Passifloras","Local",70,"Threatened ",75,"8","8",90,"Alta","8","No","8","No"
294,"Passiflora foetida","BGV List",NA,"Fruits and nuts","Passifloras","Local",70,"MinorConcern",35,"8","8",90,"Alta","8","No","8","No"
295,"Passiflora gracilis","BGV List",NA,"Fruits and nuts","Passifloras","Local",70,"MinorConcern",35,"8","8",90,"Alta","8","No","8","No"
296,"Passiflora hahnii","BGV List",NA,"Fruits and nuts","Passifloras","Close",45,"NotEvaluated",0,"8","8",90,"Alta","8","No","8","No"
297,"Passiflora jardinensis","BGV List",NA,"Fruits and nuts","Passifloras","Local",70,"Threatened ",75,"8","8",90,"Alta","8","No","8","No"
298,"Passiflora laurifolia","BGV List",NA,"Fruits and nuts","Passifloras","Local",70,"MinorConcern",35,"8","8",90,"Alta","8","No","8","No"
299,"Passiflora manicata","BGV List",NA,"Fruits and nuts","Passifloras","Local",70,"MinorConcern",35,"8","8",90,"Alta","8","No","8","No"
300,"Passiflora mixta","BGV List",NA,"Fruits and nuts","Passifloras","Local",70,"MinorConcern",35,"8","8",90,"Alta","8","No","8","No"
301,"Passiflora mollissima","BGV List",NA,"Fruits and nuts","Passifloras","Local",70,"MinorConcern",35,"8","8",90,"Alta","8","No","8","No"
302,"Passiflora pinnatistipula","BGV List",NA,"Fruits and nuts","Passifloras","Local",70,"MinorConcern",35,"8","8",90,"Alta","8","No","8","No"
303,"Passiflora sanguinolenta","BGV List",NA,"Fruits and nuts","Passifloras","Local",70,"NotEvaluated",0,"8","8",90,"Alta","8","No","8","No"
305,"Passiflora tiliifolia","BGV List",NA,"Fruits and nuts","Passifloras","Local",70,"MinorConcern",35,"8","8",90,"Alta","8","No","8","No"
306,"passiflora tripartita","BGV List",NA,"Fruits and nuts","Passifloras","Local",70,"MinorConcern",35,"8","8",90,"Alta","8","No","8","No"
307,"Passiflora vitifolia","BGV List",NA,"Fruits and nuts","Passifloras","Local",70,"MinorConcern",35,"8","8",90,"Alta","8","No","8","No"
308,"Pennisetum glaucum* Cenchrus americanus","BGV List",NA,"Cereals","Millo","Distant",20,"MinorConcern",35,"8","8",90,"Alta","8","No","8","No"
309,"Phaseolus lunatus","BGV List",NA,"Leguminous crops","Frijol","Local",70,"MinorConcern",35,"8","8",90,"Alta","50","GP","70","GP"
310,"Physalis aequata* Physalis ixocarpa","BGV List",NA,"Fruits and nuts","Uchuva","Close",45,"NotEvaluated",0,"8","8",90,"Alta","79.7","GP","55.49","GP"
311,"Physalis alkekengi","BGV List",NA,"Fruits and nuts","Uchuva","Distant",20,"MinorConcern",35,"8","8",90,"Alta","79.7","GP","55.49","GP"
312,"Physalis angulata","BGV List",NA,"Fruits and nuts","Uchuva","Distant",20,"MinorConcern",35,"8","8",90,"Alta","79.7","GP","55.49","GP"
313,"Physalis coztomatl","BGV List",NA,"Fruits and nuts","Uchuva","Local",70,"MinorConcern",35,"8","8",90,"Alta","79.7","GP","55.49","GP"
314,"Physalis floridana*Physalis pubescens","BGV List",NA,"Fruits and nuts","Uchuva","Close",45,"NotEvaluated",0,"8","8",90,"Alta","79.7","GP","55.49","GP"
315,"Physalis fuscomaculata","BGV List",NA,"Fruits and nuts","Uchuva","Distant",20,"NotEvaluated",0,"8","8",90,"Alta","79.7","GP","55.49","GP"
316,"Physalis mendocina","BGV List",NA,"Fruits and nuts","Uchuva","Close",45,"NotEvaluated",0,"8","8",90,"Alta","79.7","GP","55.49","GP"
317,"Physalis mexicana","BGV List",NA,"Fruits and nuts","Uchuva","Close",45,"NotEvaluated",0,"8","8",90,"Alta","79.7","GP","55.49","GP"
318,"Physalis philadelphica","BGV List",NA,"Fruits and nuts","Uchuva","Close",45,"MinorConcern",35,"8","8",90,"Alta","79.7","GP","55.49","GP"
319,"Physalis pruinosa","BGV List",NA,"Fruits and nuts","Uchuva","Close",45,"MinorConcern",35,"8","8",90,"Alta","79.7","GP","55.49","GP"
320,"Physalis viscosa","BGV List",NA,"Fruits and nuts","Uchuva","Local",70,"MinorConcern",35,"8","8",90,"Alta","79.7","GP","55.49","GP"
321,"Psidium friedrichsthalianum","BGV List",NA,"Fruits and nuts","Guayaba","Local",70,"NotEvaluated",0,"8","8",90,"Alta","8","No","8","No"
322,"Rubus niveus","BGV List",NA,"Fruits and nuts","Mora","Distant",20,"MinorConcern",35,"8","8",90,"Alta","30","PCG","8","No"
323,"Sesamum indicum","BGV List","Oleaginosas","Oilseed crops","Ajonjolí","Distant",20,"NotEvaluated",0,"8","33.92",90,"Alta","8","No","33.92","No"
324,"Sicana odorifera","BGV List",NA,"Vegetables and melons","Cucurbitaceas","Local",70,"NotEvaluated",0,"8","8",90,"Alta","52.36","GP","57.5","GP"
325,"Solanum amotapense","BGV List",NA,"Vegetables and melons","Tomate de árbol","Local",70,"Threatened ",75,"8","37.5",90,"Alta","57.12","GP","37.5","No"
326,"Solanum andreanum","BGV List",NA,"Root/tuber crops with high starch or inulin conten","Papa","Local",70,"NotEvaluated",0,"8","8",90,"Alta","70.27","GP","70","GP"
327,"Solanum antipoviczii","BGV List",NA,"Root/tuber crops with high starch or inulin conten","Papa","Close",45,"NotEvaluated",0,"8","8",90,"Alta","70.27","GP","70","GP"
328,"Solanum atropurpureum","BGV List",NA,"Vegetables and melons","Lulo","Local",70,"NotEvaluated",0,"8","8",90,"Alta","50","GP","50","GP"
329,"Solanum candolleanum","BGV List",NA,"Root/tuber crops with high starch or inulin conten","Papa","Local",70,"NotEvaluated",0,"8","57.5",90,"Alta","70.27","GP","57.5","No"
330,"Solanum capsicoides","BGV List",NA,"Vegetables and melons","Lulo","Local",70,"MinorConcern",35,"8","8",90,"Alta","50","GP","50","GP"
331,"Solanum cardiophyllum","BGV List",NA,"Root/tuber crops with high starch or inulin conten","Papa","Close",45,"MinorConcern",35,"8","8",90,"Alta","70.27","GP","70","GP"
332,"Solanum caripense","BGV List",NA,"Vegetables and melons","Lulo","Local",70,"NotEvaluated",0,"8","8",90,"Alta","50","GP","50","GP"
333,"Solanum chrenhkigii","BGV List",NA,"Root/tuber crops with high starch or inulin conten","Papa",NA,NA,"NotEvaluated",0,"8","8",90,"Alta","70.27","GP","70","GP"
334,"Solanum colombianum","BGV List",NA,"Root/tuber crops with high starch or inulin conten","Papa","Local",70,"MinorConcern",35,"8","8",90,"Alta","70.27","GP","70","GP"
335,"Solanum commersonii","BGV List",NA,"Root/tuber crops with high starch or inulin conten","Papa","Local",70,"NotEvaluated",0,"8","8",90,"Alta","70.27","GP","70","GP"
336,"Solanum corymbiflorum","BGV List",NA,"Fruit and nuts","Tomate de árbol","Local",70,"MinorConcern",35,"8","8",90,"Alta","57.12","GP","57.5","GP"
337,"Solanum curtilobum","BGV List",NA,"Root/tuber crops with high starch or inulin conten","Papa","Local",70,"NotEvaluated",0,"8","8",90,"Alta","70.27","GP","70","GP"
338,"Solanum demissum","BGV List",NA,"Root/tuber crops with high starch or inulin conten","Papa","Close",45,"MinorConcern",35,"8","8",90,"Alta","70.27","GP","70","GP"
339,"Solanum depexum* Solanum acaule","BGV List",NA,"Root/tuber crops with high starch or inulin conten","Papa","Local",70,"NotEvaluated",0,"8","8",90,"Alta","70.27","GP","70","GP"
340,"Solanum diversifolium","BGV List",NA,"Fruit and nuts","Tomate de árbol","Local",70,"MinorConcern",35,"8","8",90,"Alta","57.12","GP","57.5","GP"
341,"Solanum faoensis","BGV List",NA,"Root/tuber crops with high starch or inulin conten","Papa",NA,NA,"NotEvaluated",0,"8","8",90,"Alta","70.27","GP","70","GP"
342,"Solanum ferox","BGV List",NA,"Fruits and nuts","Lulo","Distant",20,"NotEvaluated",0,"8","8",90,"Alta","50","GP","50","GP"
343,"Solanum flahaultii","BGV List",NA,"Root/tuber crops with high starch or inulin conten","Papa","Local",70,"NotEvaluated",0,"8","8",90,"Alta","70.27","GP","70","GP"
344,"Solanum garcia-barrigae","BGV List",NA,"Root/tuber crops with high starch or inulin conten","Papa","Local",70,"NotEvaluated",0,"8","8",90,"Alta","70.27","GP","70","GP"
345,"Solanum hartwegii","BGV List",NA,"Fruits and nuts","Tomate de árbol","Close",45,"NotEvaluated",0,"8","8",90,"Alta","57.12","GP","57.5","GP"
346,"Solanum hirtum","BGV List",NA,"Fruit and nuts","Lulo","Close",45,"NotEvaluated",0,"8","8",90,"Alta","50","GP","50","GP"
347,"Solanum jamaicense","BGV List",NA,"Vegetables and melons","Lulo","Close",45,"MinorConcern",35,"8","8",90,"Alta","50","GP","50","GP"
348,"Solanum jamesii","BGV List",NA,"Root/tuber crops with high starch or inulin conten","Papa","Close",45,"MinorConcern",35,"8","8",90,"Alta","70.27","GP","70","GP"
349,"Solanum juglandifolium","BGV List",NA,"Root/tuber crops with high starch or inulin conten","Papa","Local",70,"NotEvaluated",0,"8","8",90,"Alta","70.27","GP","70","GP"
350,"Solanum juzepczukii","BGV List",NA,"Root/tuber crops with high starch or inulin conten","Papa","Local",70,"NotEvaluated",0,"8","8",90,"Alta","70.27","GP","70","GP"
351,"Solanum lobianum*Solanum lobbianum","BGV List",NA,"Root/tuber crops with high starch or inulin conten","Papa",NA,NA,"NotEvaluated",0,"8","8",90,"Alta","70.27","GP","70","GP"
352,"Solanum malinchense","BGV List",NA,"Root/tuber crops with high starch or inulin conten","Papa","Close",45,"NotEvaluated",0,"8","8",90,"Alta","70.27","GP","70","GP"
353,"Solanum mammosum","BGV List",NA,"Fruit and nuts","Lulo","Local",70,"MinorConcern",35,"8","8",90,"Alta","50","GP","50","GP"
354,"Solanum marginatum","BGV List",NA,"Fruit and nuts","Lulo","Distant",20,"NotEvaluated",0,"8","8",90,"Alta","50","GP","50","GP"
355,"Solanum maternum","BGV List",NA,"Fruits and nuts","Tomate de árbol","Local",70,"NotEvaluated",0,"8","8",90,"Alta","57.12","GP","57.5","GP"
356,"Solanum moscopanum","BGV List",NA,"Root/tuber crops with high starch or inulin conten","Papa","Local",70,"MinorConcern",35,"8","8",90,"Alta","70.27","GP","70","GP"
357,"Solanum obliquum","BGV List",NA,"Fruit and nuts","Tomate de árbol","Local",70,"MinorConcern",35,"8","8",90,"Alta","57.12","GP","57.5","GP"
358,"Solanum parodii*Solanum chacoense","BGV List",NA,"Root/tuber crops with high starch or inulin conten","Papa","Local",70,"NotEvaluated",0,"8","8",90,"Alta","70.27","GP","70","GP"
359,"Solanum pectinatum","BGV List",NA,"Fruit and nuts","Lulo","Close",45,"NotEvaluated",0,"8","8",90,"Alta","50","GP","50","GP"
360,"Solanum peruvianum","BGV List",NA,"Vegetables and melons","Tomate de mesa","Local",70,"NotEvaluated",0,"8","8",90,"Alta","70.53","GP","57.5","GP"
361,"Solanum pimpinellifolium","BGV List",NA,"Vegetables and melons","Tomate de mesa","Local",70,"NotEvaluated",0,"8","37.5",60,"Media","70.53","GP","37.5","No"
362,"Solanum pseudolulo","BGV List",NA,"Fruits and nuts","Lulo","Local",70,"NotEvaluated",0,"8","37.5",60,"Media","50","GP","37.5","No"
363,"Solanum saponaceum","BGV List",NA,"Fruit and nuts","Lulo","Local",70,"MinorConcern",35,"8","37.5",90,"Alta","50","GP","37.5","No"
365,"Solanum sibundoyense","BGV List",NA,"Fruit and nuts","Tomate de árbol","Local",70,"Threatened ",75,"8","8",90,"Alta","57.12","GP","57.5","GP"
366,"Solanum stenotomun*Solanum tuberosum YA ESTA ARRIBA","BGV List",NA,"Root/tuber crops with high starch or inulin conten","Papa",NA,NA,"NotEvaluated",0,"8","8",90,"Alta","70.27","GP","70","GP"
367,"Solanum tuquerrense*Solanum andreanum","BGV List",NA,"Root/tuber crops with high starch or inulin conten","Papa","Local",70,"NotEvaluated",0,"8","8",90,"Alta","70.27","GP","70","GP"
368,"Solanum unilobum","BGV List",NA,"Fruits and nuts","Tomate de árbol","Local",70,"NotEvaluated",0,"8","8",90,"Alta","57.12","GP","57.5","GP"
369,"Solanum vestissimum","BGV List",NA,"Fruits and nuts","Lulo","Local",70,"NotEvaluated",0,"8","8",90,"Alta","50","GP","50","GP"
370,"Stylosanthes guianensis","BGV List",NA,"Other crops","Pastos y Forrajes","Close",45,"MinorConcern",35,"8","8",90,"Alta","8","No","8","No"
371,"Vigna unguiculata","BGV List",NA,"Leguminous crops","Caupi","Distant",20,"MinorConcern",35,"8","8",90,"Alta","8","No","8","No"
373,"Chrysobalanus icaco","Ministerio de cultura","Hortalizas","Vegetables and melons",NA,"Close",45,"MinorConcern",35,"8","30",90,"Alta","8","No","30","No"
374,"Oxalis tuberosa","Ministerio de cultura","Tuberculos","Root/tuber crops with high starch or inulin conten",NA,"Local",70,"NotEvaluated",0,"8","30",90,"Alta","8","No","30","No"
375,"Poraqueiba sericea","Ministerio de cultura","Hortalizas","Vegetables and melons",NA,"Local",70,"MinorConcern",35,"8","30",90,"Alta","8","No","30","No"
376,"Tropaeolum tuberosum","Ministerio de cultura","Fibras","Other crops",NA,"Local",70,"NotEvaluated",0,"8","30",90,"Alta","8","No","30","No"
377,"Vasconcellea pubescens","Ministerio de cultura","Frutales","Fruits and nuts",NA,"Local",70,"NotEvaluated",0,"8","30",90,"Alta","8","No","30","No"
378,"Lens culinaris","PNSAN","Plantas aromaticas condimentarias y medicinales","Vegetables and melons",NA,"Distant",20,"NotEvaluated",0,"8","8",90,"Alta","8","No","8","No"
379,"Daucus carota","PNSAN","Hortalizas","Vegetables and melons",NA,"Distant",20,"MinorConcern",35,"8","8",90,"Alta","8","No","8","No"
390,"Citrus macrophylla","BGV List","Frutales","Fruits and nuts","Cítricos","Distant",20,"NotEvaluated",0,"8","8",90,"Alta","36.38","PCG","33.92","PCG"
